{
  "1m": {
    "emaHistory": [
      0.03435,
      0.03434363636363636,
      0.03433876033057851,
      0.03433069120961683,
      0.03432971928146984,
      0.03432701752860894,
      0.034318197753280856,
      0.03431017977570987,
      0.03429743615973624,
      0.03429403287248749,
      0.03429821170226135,
      0.03430201063841941,
      0.03431819148947219,
      0.03433744680861108,
      0.034347678916919165,
      0.034355162651744695,
      0.03436923877431336,
      0.03437476252210305,
      0.03437432956554823,
      0.03436575415049839,
      0.034357049227725804,
      0.03436822657065982,
      0.03437384233696347,
      0.034376220306330425,
      0.034381109369391295,
      0.03438282669944663,
      0.03440166063586057,
      0.03440605512350961,
      0.034411868294099646,
      0.034404425721908764,
      0.03439856883809888,
      0.03440142621645353,
      0.03439402383313957,
      0.03439911257558142,
      0.03439828415961947,
      0.03440025832692679,
      0.034409325751751624,
      0.03441756886522875,
      0.03442233533202614,
      0.03443303212002376,
      0.03443093829093069,
      0.034429034809937,
      0.0344363952817609
    ],
    "rsiClosePrices": [
      0.03435,
      0.03428,
      0.03429,
      0.03425,
      0.03432,
      0.0343,
      0.03423,
      0.03423,
      0.03417,
      0.03426,
      0.03434,
      0.03434,
      0.03448,
      0.03453,
      0.03445,
      0.03443,
      0.03451,
      0.03443,
      0.03437,
      0.03428,
      0.03427,
      0.03448,
      0.03443,
      0.0344,
      0.03443,
      0.0344,
      0.03459,
      0.03445,
      0.03447,
      0.03433,
      0.03434,
      0.03443,
      0.03432,
      0.03445,
      0.03439,
      0.03442,
      0.0345,
      0.0345,
      0.03447,
      0.03454,
      0.03441,
      0.03441,
      0.03451
    ]
  },
  "5m": {
    "emaHistory": [
      0.03425,
      0.03424272727272727,
      0.03426884297520661,
      0.034278039068369646,
      0.034289126425790586,
      0.03430556947799144,
      0.034318699525446764,
      0.03433245411404251
    ],
    "rsiClosePrices": [
      0.03425,
      0.03417,
      0.03453,
      0.03437,
      0.0344,
      0.03447,
      0.03445,
      0.03447
    ]
  },
  "15m": {
    "emaHistory": [
      0.03417,
      0.03419090909090909,
      0.034216280991735536
    ],
    "rsiClosePrices": [
      0.03417,
      0.0344,
      0.03447
    ]
  },
  "1h": {
    "emaHistory": [
      0.03447
    ],
    "rsiClosePrices": [
      0.03447
    ]
  },
  "4h": {
    "emaHistory": [],
    "rsiClosePrices": []
  }
}