{
  "1m": {
    "emaHistory": [
      0.7287,
      0.7285636363636363,
      0.7281669421487602,
      0.727642674680691,
      0.7271660678915373,
      0.7266418799013975,
      0.7263653453649068,
      0.726150313968097,
      0.7259911945164519,
      0.7257829041058653,
      0.7255480946416958,
      0.7252891769469961,
      0.7250992517699965,
      0.7250084106999968,
      0.7250167369999971,
      0.7251424881818156,
      0.7254931710743778,
      0.7257028827948888,
      0.7258935298135352,
      0.7260395725577592,
      0.7261905205070538,
      0.7262822913700488,
      0.7263202648818625,
      0.7264456953471478,
      0.7264869957701343,
      0.7264881779728494,
      0.7265437981571357,
      0.7266125437792142,
      0.726738676162922,
      0.7268078874208381,
      0.7268708067462165,
      0.7269461879511059,
      0.7269783526828235,
      0.7269894115298394,
      0.7269903741180358,
      0.7271457946527597,
      0.7272234496843271,
      0.72729404516757,
      0.7275036774250636,
      0.7277669794773306,
      0.728042708615755,
      0.72821155328705,
      0.7282741393518637
    ],
    "rsiClosePrices": [
      0.7287,
      0.7272,
      0.7242,
      0.7224,
      0.7224,
      0.7214,
      0.7236,
      0.724,
      0.7244,
      0.7237,
      0.7232,
      0.7227,
      0.7232,
      0.7241,
      0.7251,
      0.7264,
      0.729,
      0.7278,
      0.7278,
      0.7275,
      0.7277,
      0.7272,
      0.7267,
      0.7277,
      0.7269,
      0.7265,
      0.7271,
      0.7273,
      0.728,
      0.7275,
      0.7275,
      0.7277,
      0.7273,
      0.7271,
      0.727,
      0.7287,
      0.728,
      0.728,
      0.7296,
      0.7304,
      0.7308,
      0.7299,
      0.7289
    ]
  },
  "5m": {
    "emaHistory": [
      0.7224,
      0.7225818181818182,
      0.7227198347107439,
      0.7231816679188581,
      0.7235924253807801,
      0.7239931139825273,
      0.7242755581659339,
      0.7247595983326671
    ],
    "rsiClosePrices": [
      0.7224,
      0.7244,
      0.7241,
      0.7278,
      0.7277,
      0.728,
      0.7271,
      0.7296
    ]
  },
  "15m": {
    "emaHistory": [
      0.7244,
      0.7247,
      0.7251454545454545
    ],
    "rsiClosePrices": [
      0.7244,
      0.7277,
      0.7296
    ]
  },
  "1h": {
    "emaHistory": [
      0.7296
    ],
    "rsiClosePrices": [
      0.7296
    ]
  },
  "4h": {
    "emaHistory": [],
    "rsiClosePrices": []
  }
}