{
  "1m": {
    "emaHistory": [
      2.47,
      2.470727272727273,
      2.4715702479338844,
      2.4713365890308037,
      2.4715787173007304,
      2.471980652091573,
      2.472800592810521,
      2.4732732661913825,
      2.4738847874467114,
      2.473804352224283,
      2.473367592931166,
      2.4720614481192418,
      2.4715104073811287,
      2.4706458248919354,
      2.469405295356305,
      2.4682775412330042,
      2.4676159465754584,
      2.466832678704962,
      2.4660297079136018,
      2.465027007194183,
      2.4644790974492574,
      2.4636173613175067,
      2.463106692106824,
      2.4628242655516583,
      2.462294786865144,
      2.461722533513767,
      2.461475030467061,
      2.4607954822427827,
      2.4603595293116203,
      2.459508663010564,
      2.459098784555058,
      2.4589988950500525,
      2.458089904590957,
      2.4571726405372334,
      2.4563387641247574,
      2.4556716037497797,
      2.4551560034088906,
      2.4542327303717184,
      2.4539388457924716,
      2.453853496174974,
      2.454139541977249
    ],
    "rsiClosePrices": [
      2.47,
      2.478,
      2.48,
      2.469,
      2.474,
      2.476,
      2.481,
      2.478,
      2.48,
      2.473,
      2.469,
      2.459,
      2.466,
      2.462,
      2.457,
      2.457,
      2.461,
      2.459,
      2.458,
      2.455,
      2.459,
      2.455,
      2.458,
      2.46,
      2.457,
      2.456,
      2.459,
      2.454,
      2.456,
      2.451,
      2.455,
      2.458,
      2.449,
      2.448,
      2.448,
      2.449,
      2.45,
      2.445,
      2.451,
      2.453,
      2.457
    ]
  },
  "5m": {
    "emaHistory": [
      2.469,
      2.4699999999999998,
      2.469272727272727,
      2.4682479338842973,
      2.4674981217129974,
      2.4664528379209063,
      2.464775307200824,
      2.4635230065462035
    ],
    "rsiClosePrices": [
      2.469,
      2.48,
      2.462,
      2.458,
      2.46,
      2.456,
      2.448,
      2.451
    ]
  },
  "15m": {
    "emaHistory": [
      2.48,
      2.478181818181818,
      2.475710743801653
    ],
    "rsiClosePrices": [
      2.48,
      2.46,
      2.451
    ]
  },
  "1h": {
    "emaHistory": [
      2.451
    ],
    "rsiClosePrices": [
      2.451
    ]
  },
  "4h": {
    "emaHistory": [],
    "rsiClosePrices": []
  }
}