{
  "1m": {
    "emaHistory": [
      9.755,
      9.753363636363638,
      9.751512396694215,
      9.748465815176559,
      9.74605983197869,
      9.744236210889719,
      9.742214737172471,
      9.740467942884065,
      9.738516311712786,
      9.737833010647988,
      9.735030009679988,
      9.733118190618171,
      9.730289264198337,
      9.728262967453032,
      9.72714815223003,
      9.726952865663662,
      9.728320786966965,
      9.729927988151784,
      9.730570898319804,
      9.731246271199822,
      9.732860246545293,
      9.733600224132084,
      9.734363840120077,
      9.735512581927342,
      9.738102347206675,
      9.741002133824251,
      9.743274667112955,
      9.745795151920868,
      9.74845013810988,
      9.749318307372619,
      9.751380279429652,
      9.753618435845139,
      9.756198578041035,
      9.758816889128212,
      9.761469899207466,
      9.764245362915878,
      9.766950329923525,
      9.769863936294112,
      9.771876305721918,
      9.777251187019925,
      9.782046533654478,
      9.791133212413163,
      9.800030193102874
    ],
    "rsiClosePrices": [
      9.755,
      9.737,
      9.733,
      9.718,
      9.722,
      9.726,
      9.722,
      9.723,
      9.719,
      9.731,
      9.707,
      9.714,
      9.702,
      9.708,
      9.716,
      9.725,
      9.742,
      9.746,
      9.737,
      9.738,
      9.749,
      9.741,
      9.742,
      9.747,
      9.764,
      9.77,
      9.766,
      9.771,
      9.775,
      9.758,
      9.772,
      9.776,
      9.782,
      9.785,
      9.788,
      9.792,
      9.794,
      9.799,
      9.792,
      9.831,
      9.83,
      9.882,
      9.889
    ]
  },
  "5m": {
    "emaHistory": [
      9.718,
      9.71809090909091,
      9.717173553719007,
      9.71897595792637,
      9.721523598114882,
      9.726385089195347,
      9.731713717450313,
      9.737194288591192
    ],
    "rsiClosePrices": [
      9.718,
      9.719,
      9.708,
      9.737,
      9.747,
      9.775,
      9.785,
      9.792
    ]
  },
  "15m": {
    "emaHistory": [
      9.719,
      9.721545454545453,
      9.727950413223137
    ],
    "rsiClosePrices": [
      9.719,
      9.747,
      9.792
    ]
  },
  "1h": {
    "emaHistory": [
      9.792
    ],
    "rsiClosePrices": [
      9.792
    ]
  },
  "4h": {
    "emaHistory": [],
    "rsiClosePrices": []
  }
}