{
  "1m": {
    "emaHistory": [
      0.1517,
      0.1517,
      0.1517,
      0.15166363636363636,
      0.1515487603305785,
      0.15144432757325318,
      0.15129484324841197,
      0.15114985749855633,
      0.15102714318050575,
      0.1509610392550052,
      0.1508554902318229,
      0.15072317293802082,
      0.15061197539820073,
      0.1504927049074552,
      0.15042973173405016,
      0.150381574303682,
      0.15031961300334726,
      0.15029055727577023,
      0.15025505206888204,
      0.15019550188080186,
      0.1501595471643653,
      0.15011777014942299,
      0.1500070637722027,
      0.14983369433836607,
      0.1495306312166964,
      0.1492278465606331,
      0.14899804232784827,
      0.14879822029804388,
      0.14864383663458536,
      0.14848530603144122,
      0.14830482366494654,
      0.14814074878631503,
      0.14801886253301366,
      0.14790805684819425,
      0.1477982334983584,
      0.14771657590759854,
      0.14764234173418048,
      0.14755667430380043,
      0.1475151584580004,
      0.14750468950727308,
      0.1475497177338846,
      0.1475815615762587,
      0.14761960143296243
    ],
    "rsiClosePrices": [
      0.1517,
      0.1517,
      0.1517,
      0.1513,
      0.1504,
      0.1504,
      0.1498,
      0.1497,
      0.1498,
      0.1503,
      0.1498,
      0.1494,
      0.1495,
      0.1493,
      0.1498,
      0.1499,
      0.1497,
      0.15,
      0.1499,
      0.1496,
      0.1498,
      0.1497,
      0.1489,
      0.1481,
      0.1465,
      0.1462,
      0.1467,
      0.1468,
      0.1471,
      0.1469,
      0.1465,
      0.1465,
      0.1468,
      0.1468,
      0.1467,
      0.1469,
      0.1469,
      0.1467,
      0.1471,
      0.1474,
      0.148,
      0.1479,
      0.148
    ]
  },
  "5m": {
    "emaHistory": [
      0.1513,
      0.15116363636363633,
      0.150994214876033,
      0.15089474079639364,
      0.15064067345126694,
      0.1503187940466063,
      0.149998903678733,
      0.14973536698066636
    ],
    "rsiClosePrices": [
      0.1513,
      0.1498,
      0.1493,
      0.1499,
      0.1481,
      0.1471,
      0.1468,
      0.1471
    ]
  },
  "15m": {
    "emaHistory": [
      0.1498,
      0.14964545454545453,
      0.14941404958677684
    ],
    "rsiClosePrices": [
      0.1498,
      0.1481,
      0.1471
    ]
  },
  "1h": {
    "emaHistory": [
      0.1471
    ],
    "rsiClosePrices": [
      0.1471
    ]
  },
  "4h": {
    "emaHistory": [],
    "rsiClosePrices": []
  }
}