{
  "1m": {
    "emaHistory": [
      10.007,
      10.000454545454543,
      9.995049586776858,
      9.988863260706236,
      9.98105750973294,
      9.9740522815754,
      9.967138437795818,
      9.960125852541651,
      9.959478047765138,
      9.957798225241035,
      9.955634750219124,
      9.954486136562839,
      9.953532851420762,
      9.950938955837056,
      9.946035414397324,
      9.944668558543022,
      9.943607780493656,
      9.942643436812414,
      9.938857669829467,
      9.938052427117697,
      9.934956751925178,
      9.929415229022888,
      9.92110475365717,
      9.917186139688337,
      9.913714672443941,
      9.911467884039945,
      9.908970803672677,
      9.906246185156979,
      9.903496531960888,
      9.900451392691716,
      9.897864902447013,
      9.897240820406376,
      9.893673473096705,
      9.890430430087912,
      9.88039130007992,
      9.872719363709018,
      9.865199421553653,
      9.856635837776048,
      9.849032579796408,
      9.848575072542188,
      9.846431884129261,
      9.848210803753874,
      9.851828003412614
    ],
    "rsiClosePrices": [
      10.007,
      9.935,
      9.941,
      9.927,
      9.903,
      9.904,
      9.898,
      9.89,
      9.953,
      9.941,
      9.934,
      9.943,
      9.944,
      9.925,
      9.897,
      9.931,
      9.933,
      9.933,
      9.901,
      9.93,
      9.904,
      9.874,
      9.838,
      9.878,
      9.879,
      9.889,
      9.884,
      9.879,
      9.876,
      9.87,
      9.872,
      9.891,
      9.858,
      9.858,
      9.78,
      9.796,
      9.79,
      9.771,
      9.773,
      9.844,
      9.825,
      9.866,
      9.888
    ]
  },
  "5m": {
    "emaHistory": [
      9.927,
      9.929363636363636,
      9.92896694214876,
      9.926424492862509,
      9.922022266238644,
      9.917838423853311,
      9.912398567139373,
      9.899725970126703
    ],
    "rsiClosePrices": [
      9.927,
      9.953,
      9.925,
      9.901,
      9.878,
      9.876,
      9.858,
      9.773
    ]
  },
  "15m": {
    "emaHistory": [
      9.953,
      9.946181818181817,
      9.930438016528923
    ],
    "rsiClosePrices": [
      9.953,
      9.878,
      9.773
    ]
  },
  "1h": {
    "emaHistory": [
      9.773
    ],
    "rsiClosePrices": [
      9.773
    ]
  },
  "4h": {
    "emaHistory": [],
    "rsiClosePrices": []
  }
}