{
  "1m": {
    "emaHistory": [
      53.28,
      53.268181818181816,
      53.26471074380164,
      53.25428249436513,
      53.25662044942284,
      53.275109499475306,
      53.314644999523004,
      53.35058636320273,
      53.400533057457025,
      53.44775732496093,
      53.47341574996448,
      53.51946886360407,
      53.58315351236733,
      53.63104864760667,
      53.6764078614606,
      53.72582532860055,
      53.77438666236413,
      53.82126060214921,
      53.86932782013564,
      53.91029801830512,
      53.962998198459196,
      54.009089271326545,
      54.055535701205955,
      54.077759728369045,
      54.11614520760822,
      54.15558655237111,
      54.19235141124646,
      54.23031946476951,
      54.26574496797228,
      54.2970408799748,
      54.327309890886184,
      54.35755444626017,
      54.355958587509235,
      54.37087144319021,
      54.39715585744565,
      54.441050779496045,
      54.48822798136004,
      54.53384361941822,
      54.577130563107474,
      54.62102778464316,
      54.66547980422105,
      54.643163458382766,
      54.639239507620694
    ],
    "rsiClosePrices": [
      53.28,
      53.15,
      53.23,
      53.15,
      53.28,
      53.46,
      53.71,
      53.71,
      53.9,
      53.92,
      53.73,
      53.98,
      54.22,
      54.11,
      54.13,
      54.22,
      54.26,
      54.29,
      54.35,
      54.32,
      54.49,
      54.47,
      54.52,
      54.3,
      54.5,
      54.55,
      54.56,
      54.61,
      54.62,
      54.61,
      54.63,
      54.66,
      54.34,
      54.52,
      54.66,
      54.88,
      54.96,
      54.99,
      55.01,
      55.06,
      55.11,
      54.42,
      54.6
    ]
  },
  "5m": {
    "emaHistory": [
      53.15,
      53.21818181818181,
      53.2992561983471,
      53.394778362133735,
      53.477071238303395,
      53.58097385300309,
      53.66633986636644,
      53.78849078760585
    ],
    "rsiClosePrices": [
      53.15,
      53.9,
      54.11,
      54.35,
      54.3,
      54.62,
      54.52,
      55.01
    ]
  },
  "15m": {
    "emaHistory": [
      53.9,
      53.93636363636364,
      54.03396694214876
    ],
    "rsiClosePrices": [
      53.9,
      54.3,
      55.01
    ]
  },
  "1h": {
    "emaHistory": [
      55.01
    ],
    "rsiClosePrices": [
      55.01
    ]
  },
  "4h": {
    "emaHistory": [],
    "rsiClosePrices": []
  }
}